{
    "rmse": 0.6837931121562487,
    "mae": 0.5263939334242883,
    "r2": 0.29020499969475533
}